Workbook

Sheet DADOS
A1: GASTO CALORICO POR INTENSIDADE DO TREINO
A2: ADAPTAÇÃO | B2: =200/2 -> 100
A3: INICIANTE | B3: =300/2 -> 150
A4: INTERMÉDIARIO | B4: =375/2 -> 187.5
A5: AVANÇADO | B5: =700/2 -> 350
A9: NDC
A11: Sedentário | B11: 1.2
A12: Moderado | B12: 1.35
A13: Intenso | B13: 1.5

Sheet 13062023
I1: DATA DA AVALIAÇÃO
I2: 45092
B4: Nome | C4: Genero | D4: Idade | E4: Peso (kg) | F4: Altura (cm) | G4: Data de nascimento | H4: Biotipo
B5: Ronaldo | C5: Masculino | D5: =ROUNDDOWN((TODAY() - G5) / 365, 0) -> 24 | E5: 95.6 | F5: 184 | G5: 37160 | H5: Mesormofo
B9: Perimetro
C11: Lado direito | E11: Lado esquerdo | G11: Uni
C12: Relaxado | D12: contraído | E12: Relaxado | F12: contraído
B13: Braço | C13: 32 | D13: 37.5 | E13: 32 | F13: 37 | G13: -
B14: Antebraço | C14: 29 | D14: 30 | E14: 29 | F14: 30 | G14: -
B15: Ombro | C15: - | D15: - | E15: - | F15: - | G15: 122
B16: Tórax | C16: - | D16: - | E16: - | F16: - | G16: 105
B17: Cintura | C17: - | D17: - | E17: - | F17: - | G17: 101.6
B18: Abdomên | C18: - | D18: - | E18: - | F18: - | G18: - | J18: IMC | K18: TMB | L18: SITE TMB
B19: Quadril | C19: - | D19: - | E19: - | F19: - | G19: 108.5 | J19: =IF(OR(E5<=0, F5<=0), "", E5 / (F5 * F5))*10000 -> 28.23724 | K19: =66+(13.8*E5)+(5*F5)-(6.8*D5) -> 2142.08
B20: Coxa superior | C20: 63 | E20: 62 | F20: - | G20: -
B21: Coxa média | C21: - | D21: - | E21: - | F21: - | G21: -
B22: Coxa Inferior | C22: - | D22: - | E22: - | F22: - | G22: -
B23: Panturrilha | C23: 40 | D23: 40 | E23: 40.5 | F23: 40.6 | G23: -

Sheet 20072023
B1: PREENCHIMENTO DE DADOS | I1: DATA DA AVALIAÇÃO
I2: 45127
B5: Nome | C5: Genero | D5: Idade | E5: Peso (kg) | F5: Altura | G5: Data de nascimento | H5: Biotipo
B6: Ronaldo | C6: Masculino | D6: =ROUNDDOWN((TODAY() - G6) / 365, 0) -> 24 | E6: 94.7 | F6: ='13062023'!F5 -> 184 | G6: 37160 | H6: Mesormofo
B9: Perimetro
C11: Lado direito | E11: Lado esquerdo | G11: Uni
C12: Relaxado | D12: contraído | E12: Relaxado | F12: contraído
B13: Braço
B14: Antebraço
B15: Ombro | C15: - | D15: - | E15: - | F15: -
B16: Tórax | C16: - | D16: - | E16: - | F16: - | G16: 105.5
B17: Cintura | C17: - | D17: - | E17: - | F17: -
B18: Abdomên | C18: - | D18: - | E18: - | F18: - | G18: 99.9
B19: Quadril | C19: - | D19: - | E19: - | F19: - | G19: 107
B20: Coxa superior | C20: 66.5 | D20: 67.5 | E20: 66.5 | F20: 66.9
B21: Coxa média | C21: 63.5 | D21: 63.5 | E21: 63.4 | F21: =E21 -> 63.4
B22: Coxa Inferior | C22: 48 | D22: 48 | E22: 48 | F22: 48
B23: Panturrilha | C23: 40.6 | D23: 40.6 | E23: 40.7 | F23: 40.7
B27: ANALISE DE DESEMPENHO
B31: Comparação perimetro do mês 06/2023 ao 07/2023
C33: Lado direito | E33: Lado esquerdo | G33: Uni | L33: REFERÊNCIA SITE TMB
C34: Relaxado (cm) | D34: contraído (cm) | E34: Relaxado (cm) | F34: contraído (cm)
B35: Braço | C35: =IF(C13<>"", C13-'13062023'!C13, "") | D35: =IF(D13<>"", D13-'13062023'!D13, "") | E35: =IF(E13<>"", E13-'13062023'!E13, "") | F35: =IF(F13<>"", F13-'13062023'!F13, "") | G35: =IF(G13<>"", G13-'13062023'!G13, "")
B36: Antebraço | C36: =IF(C14<>"", C14-'13062023'!C14, "") | D36: =IF(D14<>"", D14-'13062023'!D14, "") | E36: =IF(E14<>"", E14-'13062023'!E14, "") | F36: =IF(F14<>"", F14-'13062023'!F14, "") | G36: =IF(G14<>"", G14-'13062023'!G14, "") | I36: IMC | J36: =IF(OR(E6<=0, F6<=0), "", E6 / (F6 * F6))*10000 -> 27.971408
B37: Ombro | C37: =IF(C15<>"", C15-'13062023'!C15, "") -> #VALUE! | D37: =IF(D15<>"", D15-'13062023'!D15, "") -> #VALUE! | E37: =IF(E15<>"", E15-'13062023'!E15, "") -> #VALUE! | F37: =IF(F15<>"", F15-'13062023'!F15, "") -> #VALUE! | G37: =IF(G15<>"", G15-'13062023'!G15, "") | I37: TMB | J37: =66+(13.8*E6)+(5*F6)-(6.8*D6) -> 2129.66
B38: Tórax | C38: =IF(C16<>"", C16-'13062023'!C16, "") -> #VALUE! | D38: =IF(D16<>"", D16-'13062023'!D16, "") -> #VALUE! | E38: =IF(E16<>"", E16-'13062023'!E16, "") -> #VALUE! | F38: =IF(F16<>"", F16-'13062023'!F16, "") -> #VALUE! | G38: =IF(G16<>"", G16-'13062023'!G16, "") -> 0.5 | I38: TMB + TBL | J38: =J37*DADOS!B11 -> 2555.592
B39: Cintura | C39: =IF(C17<>"", C17-'13062023'!C17, "") -> #VALUE! | D39: =IF(D17<>"", D17-'13062023'!D17, "") -> #VALUE! | E39: =IF(E17<>"", E17-'13062023'!E17, "") -> #VALUE! | F39: =IF(F17<>"", F17-'13062023'!F17, "") -> #VALUE! | G39: =IF(G17<>"", G17-'13062023'!G17, "") | I39: TMB + TBL + TRN | J39: =J37*DADOS!B11+DADOS!B4 -> 2743.092
B40: Abdomên | C40: =IF(C18<>"", C18-'13062023'!C18, "") -> #VALUE! | D40: =IF(D18<>"", D18-'13062023'!D18, "") -> #VALUE! | E40: =IF(E18<>"", E18-'13062023'!E18, "") -> #VALUE! | F40: =IF(F18<>"", F18-'13062023'!F18, "") -> #VALUE! | G40: =IF(G18<>"", G18-'13062023'!G18, "") -> #VALUE!
B41: Quadril | C41: =IF(C19<>"", C19-'13062023'!C19, "") -> #VALUE! | D41: =IF(D19<>"", D19-'13062023'!D19, "") -> #VALUE! | E41: =IF(E19<>"", E19-'13062023'!E19, "") -> #VALUE! | F41: =IF(F19<>"", F19-'13062023'!F19, "") -> #VALUE! | G41: =IF(G19<>"", G19-'13062023'!G19, "") -> -1.5
B42: Coxa superior | C42: =IF(C20<>"", C20-'13062023'!E20, "") -> 4.5 | D42: =IF(D20<>"", D20-'13062023'!D20, "") -> 67.5 | E42: =IF(E20<>"", E20-#REF!, "") -> #REF! | F42: =IF(F20<>"", F20-'13062023'!F20, "") -> #VALUE! | G42: =IF(G20<>"", G20-'13062023'!G20, "")
B43: Coxa média | C43: =IF(C21<>"", C21-'13062023'!C21, "") -> #VALUE! | D43: =IF(D21<>"", D21-'13062023'!D21, "") -> #VALUE! | E43: =IF(E21<>"", E21-'13062023'!E21, "") -> #VALUE! | F43: =IF(F21<>"", F21-'13062023'!F21, "") -> #VALUE! | G43: =IF(G21<>"", G21-'13062023'!G21, "")
B44: Coxa Inferior | C44: =IF(C22<>"", C22-'13062023'!C22, "") -> #VALUE! | D44: =IF(D22<>"", D22-'13062023'!D22, "") -> #VALUE! | E44: =IF(E22<>"", E22-'13062023'!E22, "") -> #VALUE! | F44: =IF(F22<>"", F22-'13062023'!F22, "") -> #VALUE! | G44: =IF(G22<>"", G22-'13062023'!G22, "")
B45: Panturrilha | C45: =IF(C23<>"", C23-'13062023'!C23, "") -> 0.6 | D45: =IF(D23<>"", D23-'13062023'!D23, "") -> 0.6 | E45: =IF(E23<>"", E23-'13062023'!E23, "") -> 0.2 | F45: =IF(F23<>"", F23-'13062023'!F23, "") -> 0.1 | G45: =IF(G23<>"", G23-'13062023'!G23, "")
B46: Altura (cm) | C46: =IF(F6<>"", F6-'13062023'!F5, "") -> 0
B47: Peso (kg) | C47: =IF(E6<>"", E6-'13062023'!E5, "") -> -0.9

Sheet 12082023
B1: PREENCHIMENTO DE DADOS | I1: DATA DA AVALIAÇÃO
I2: 44927
B5: Nome | C5: Genero | D5: Idade | E5: Peso (kg) | F5: Altura (cm) | G5: Data de nascimento | H5: Biotipo
B6: Ronaldo | C6: Masculino | D6: =ROUNDDOWN((TODAY() - G6) / 365, 0) -> 24 | G6: 37160 | H6: Mesormofo
B9: Perimetro
C11: Lado direito | E11: Lado esquerdo | G11: Uni
C12: Relaxado | D12: contraído | E12: Relaxado | F12: contraído
B13: Braço | C13: 32 | D13: 37.5 | E13: 32 | F13: 37
B14: Antebraço | C14: 29 | D14: 30 | E14: 29 | F14: 30
B15: Ombro | G15: 122
B16: Tórax | G16: 105
B17: Cintura | G17: 101.6
B18: Abdomên
B19: Quadril | G19: 108.5
B20: Coxa superior | C20: 63 | E20: 62
B21: Coxa média
B22: Coxa Inferior
B23: Panturrilha | C23: 40 | D23: 40 | E23: 40.5 | F23: 40.6
B27: ANALISE DE DESEMPENHO | J27: IMC | K27: TMB | L27: SITE TMB
J28: =IF(OR(E6<=0, F6<=0), "", E6 / (F6 * F6))*10000 -> 0 | K28: =66+(13.8*E6)+(5*F6)-(6.8*D6) -> -97.2
B31: Comparação perimetro do mês 07/2023 ao 08/2023
C33: Lado direito | E33: Lado esquerdo | G33: Uni
C34: Relaxado (cm) | D34: contraído (cm) | E34: Relaxado (cm) | F34: contraído (cm)
B35: Braço | C35: =IF(C13<>"", C13-'20072023'!C13, "") -> 32 | D35: =IF(D13<>"", D13-'20072023'!D13, "") -> 37.5 | E35: =IF(E13<>"", E13-'20072023'!E13, "") -> 32 | F35: =IF(F13<>"", F13-'20072023'!F13, "") -> 37 | G35: =IF(G13<>"", G13-'20072023'!G13, "")
B36: Antebraço | C36: =IF(C14<>"", C14-'20072023'!C14, "") -> 29 | D36: =IF(D14<>"", D14-'20072023'!D14, "") -> 30 | E36: =IF(E14<>"", E14-'20072023'!E14, "") -> 29 | F36: =IF(F14<>"", F14-'20072023'!F14, "") -> 30 | G36: =IF(G14<>"", G14-'20072023'!G14, "")
B37: Ombro | C37: =IF(C15<>"", C15-'20072023'!C15, "") | D37: =IF(D15<>"", D15-'20072023'!D15, "") | E37: =IF(E15<>"", E15-'20072023'!E15, "") | F37: =IF(F15<>"", F15-'20072023'!F15, "") | G37: =IF(G15<>"", G15-'20072023'!G15, "") -> 122
B38: Tórax | C38: =IF(C16<>"", C16-'20072023'!C16, "") | D38: =IF(D16<>"", D16-'20072023'!D16, "") | E38: =IF(E16<>"", E16-'20072023'!E16, "") | F38: =IF(F16<>"", F16-'20072023'!F16, "") | G38: =IF(G16<>"", G16-'20072023'!G16, "") -> -0.5
B39: Cintura | C39: =IF(C17<>"", C17-'20072023'!C17, "") | D39: =IF(D17<>"", D17-'20072023'!D17, "") | E39: =IF(E17<>"", E17-'20072023'!E17, "") | F39: =IF(F17<>"", F17-'20072023'!F17, "") | G39: =IF(G17<>"", G17-'20072023'!G17, "") -> 101.6
B40: Abdomên | C40: =IF(C18<>"", C18-'20072023'!C18, "") | D40: =IF(D18<>"", D18-'20072023'!D18, "") | E40: =IF(E18<>"", E18-'20072023'!E18, "") | F40: =IF(F18<>"", F18-'20072023'!F18, "") | G40: =IF(G18<>"", G18-'20072023'!G18, "")
B41: Quadril | C41: =IF(C19<>"", C19-'20072023'!C19, "") | D41: =IF(D19<>"", D19-'20072023'!D19, "") | E41: =IF(E19<>"", E19-'20072023'!E19, "") | F41: =IF(F19<>"", F19-'20072023'!F19, "") | G41: =IF(G19<>"", G19-'20072023'!G19, "") -> 1.5
B42: Coxa superior | C42: =IF(C20<>"", C20-'20072023'!C20, "") -> -3.5 | D42: =IF(D20<>"", D20-'20072023'!D20, "") | E42: =IF(E20<>"", E20-'20072023'!E20, "") -> -4.5 | F42: =IF(F20<>"", F20-'20072023'!F20, "") | G42: =IF(G20<>"", G20-'20072023'!G20, "")
B43: Coxa média | C43: =IF(C21<>"", C21-'20072023'!C21, "") | D43: =IF(D21<>"", D21-'20072023'!D21, "") | E43: =IF(E21<>"", E21-'20072023'!E21, "") | F43: =IF(F21<>"", F21-'20072023'!F21, "") | G43: =IF(G21<>"", G21-'20072023'!G21, "")
B44: Coxa Inferior | C44: =IF(C22<>"", C22-'20072023'!C22, "") | D44: =IF(D22<>"", D22-'20072023'!D22, "") | E44: =IF(E22<>"", E22-'20072023'!E22, "") | F44: =IF(F22<>"", F22-'20072023'!F22, "") | G44: =IF(G22<>"", G22-'20072023'!G22, "")
B45: Panturrilha | C45: =IF(C23<>"", C23-'20072023'!C23, "") -> -0.6 | D45: =IF(D23<>"", D23-'20072023'!D23, "") -> -0.6 | E45: =IF(E23<>"", E23-'20072023'!E23, "") -> -0.2 | F45: =IF(F23<>"", F23-'20072023'!F23, "") -> -0.1 | G45: =IF(G23<>"", G23-'20072023'!G23, "")
B46: Altura (cm) | C46: =IF(F6<>"", F6-'20072023'!F6, "")
B47: Peso (kg) | C47: =IF(E6<>"", E6-'20072023'!E6, "")

Sheet 25082024
B1: PREENCHIMENTO DE DADOS | I1: DATA DA AVALIAÇÃO
I2: 45163
B5: Nome | C5: Genero | D5: Idade | E5: Peso (kg) | F5: Altura (cm) | G5: Data de nascimento | H5: Biotipo
B6: Ronaldo | C6: Masculino | D6: =ROUNDDOWN((TODAY() - G6) / 365, 0) -> 24 | E6: 94 | F6: 184 | G6: 37160 | H6: Mesormofo
B9: Perimetro
C11: Lado direito | E11: Lado esquerdo | G11: Uni
C12: Relaxado | D12: contraído | E12: Relaxado | F12: contraído
B13: Braço | C13: 34 | D13: 39 | E13: 34 | F13: 39
B14: Antebraço | C14: 25 | D14: 25 | E14: 25 | F14: 25
B15: Ombro | C15: - | D15: - | E15: - | F15: - | G15: 122
B16: Tórax | C16: - | D16: - | E16: - | F16: - | G16: 103
B17: Cintura | C17: - | D17: - | E17: - | F17: - | G17: 97
B18: Abdomên | C18: - | D18: - | E18: - | F18: - | G18: 97
B19: Quadril | C19: - | D19: - | E19: - | F19: - | G19: 105
B20: Coxa superior | C20: 65 | D20: 67 | E20: 66 | F20: 66
B21: Coxa média | C21: 63 | D21: 63 | E21: 62 | F21: 62
B22: Coxa Inferior | C22: 48 | D22: 48 | E22: 47 | F22: 48
B23: Panturrilha | C23: 39 | D23: 39 | E23: 39 | F23: 39
B27: ANALISE DE DESEMPENHO | J27: IMC | K27: TMB | L27: SITE TMB
J28: =IF(OR(E6<=0, F6<=0), "", E6 / (F6 * F6))*10000 -> 27.76465 | K28: =66+(13.8*E6)+(5*F6)-(6.8*D6) -> 2120
B31: Comparação perimetro do mês
C33: Lado direito | E33: Lado esquerdo | G33: Uni
C34: Relaxado (cm) | D34: contraído (cm) | E34: Relaxado (cm) | F34: contraído (cm)
B35: Braço | C35: =IF(C13<>"", IF(ISNUMBER(C13), C13-'12082023'!C13, ""), "") -> 2 | D35: =IF(D13<>"", IF(ISNUMBER(D13), D13-'12082023'!D13, ""), "") -> 1.5 | E35: =IF(E13<>"", IF(ISNUMBER(E13), E13-'12082023'!E13, ""), "") -> 2 | F35: =IF(F13<>"", IF(ISNUMBER(F13), F13-'12082023'!F13, ""), "") -> 2 | G35: =IF(G13<>"", IF(ISNUMBER(G13), G13-'12082023'!G13, ""), "")
B36: Antebraço | C36: =IF(C14<>"", IF(ISNUMBER(C14), C14-'12082023'!C14, ""), "") -> -4 | D36: =IF(D14<>"", IF(ISNUMBER(D14), D14-'12082023'!D14, ""), "") -> -5 | E36: =IF(E14<>"", IF(ISNUMBER(E14), E14-'12082023'!E14, ""), "") -> -4 | F36: =IF(F14<>"", IF(ISNUMBER(F14), F14-'12082023'!F14, ""), "") -> -5 | G36: =IF(G14<>"", IF(ISNUMBER(G14), G14-'12082023'!G14, ""), "")
B37: Ombro | C37: =IF(C15<>"", IF(ISNUMBER(C15), C15-'12082023'!C15, ""), "") | D37: =IF(D15<>"", IF(ISNUMBER(D15), D15-'12082023'!D15, ""), "") | E37: =IF(E15<>"", IF(ISNUMBER(E15), E15-'12082023'!E15, ""), "") | F37: =IF(F15<>"", IF(ISNUMBER(F15), F15-'12082023'!F15, ""), "") | G37: =IF(G15<>"", IF(ISNUMBER(G15), G15-'12082023'!G15, ""), "") -> 0
B38: Tórax | C38: =IF(C16<>"", IF(ISNUMBER(C16), C16-'12082023'!C16, ""), "") | D38: =IF(D16<>"", IF(ISNUMBER(D16), D16-'12082023'!D16, ""), "") | E38: =IF(E16<>"", IF(ISNUMBER(E16), E16-'12082023'!E16, ""), "") | F38: =IF(F16<>"", IF(ISNUMBER(F16), F16-'12082023'!F16, ""), "") | G38: =IF(G16<>"", IF(ISNUMBER(G16), G16-'12082023'!G16, ""), "") -> -2
B39: Cintura | C39: =IF(C17<>"", IF(ISNUMBER(C17), C17-'12082023'!C17, ""), "") | D39: =IF(D17<>"", IF(ISNUMBER(D17), D17-'12082023'!D17, ""), "") | E39: =IF(E17<>"", IF(ISNUMBER(E17), E17-'12082023'!E17, ""), "") | F39: =IF(F17<>"", IF(ISNUMBER(F17), F17-'12082023'!F17, ""), "") | G39: =IF(G17<>"", IF(ISNUMBER(G17), G17-'12082023'!G17, ""), "") -> -4.6
B40: Abdomên | C40: =IF(C18<>"", IF(ISNUMBER(C18), C18-'12082023'!C18, ""), "") | D40: =IF(D18<>"", IF(ISNUMBER(D18), D18-'12082023'!D18, ""), "") | E40: =IF(E18<>"", IF(ISNUMBER(E18), E18-'12082023'!E18, ""), "") | F40: =IF(F18<>"", IF(ISNUMBER(F18), F18-'12082023'!F18, ""), "") | G40: =IF(G18<>"", IF(ISNUMBER(G18), G18-'12082023'!G18, ""), "") -> 97
B41: Quadril | C41: =IF(C19<>"", IF(ISNUMBER(C19), C19-'12082023'!C19, ""), "") | D41: =IF(D19<>"", IF(ISNUMBER(D19), D19-'12082023'!D19, ""), "") | E41: =IF(E19<>"", IF(ISNUMBER(E19), E19-'12082023'!E19, ""), "") | F41: =IF(F19<>"", IF(ISNUMBER(F19), F19-'12082023'!F19, ""), "") | G41: =IF(G19<>"", IF(ISNUMBER(G19), G19-'12082023'!G19, ""), "") -> -3.5
B42: Coxa superior | C42: =IF(C20<>"", IF(ISNUMBER(C20), C20-'12082023'!C20, ""), "") -> 2 | D42: =IF(D20<>"", IF(ISNUMBER(D20), D20-'12082023'!D20, ""), "") -> 67 | E42: =IF(E20<>"", IF(ISNUMBER(E20), E20-'12082023'!E20, ""), "") -> 4 | F42: =IF(F20<>"", IF(ISNUMBER(F20), F20-'12082023'!F20, ""), "") -> 66 | G42: =IF(G20<>"", IF(ISNUMBER(G20), G20-'12082023'!G20, ""), "")
B43: Coxa média | C43: =IF(C21<>"", IF(ISNUMBER(C21), C21-'12082023'!C21, ""), "") -> 63 | D43: =IF(D21<>"", IF(ISNUMBER(D21), D21-'12082023'!D21, ""), "") -> 63 | E43: =IF(E21<>"", IF(ISNUMBER(E21), E21-'12082023'!E21, ""), "") -> 62 | F43: =IF(F21<>"", IF(ISNUMBER(F21), F21-'12082023'!F21, ""), "") -> 62 | G43: =IF(G21<>"", IF(ISNUMBER(G21), G21-'12082023'!G21, ""), "")
B44: Coxa Inferior | C44: =IF(C22<>"", IF(ISNUMBER(C22), C22-'12082023'!C22, ""), "") -> 48 | D44: =IF(D22<>"", IF(ISNUMBER(D22), D22-'12082023'!D22, ""), "") -> 48 | E44: =IF(E22<>"", IF(ISNUMBER(E22), E22-'12082023'!E22, ""), "") -> 47 | F44: =IF(F22<>"", IF(ISNUMBER(F22), F22-'12082023'!F22, ""), "") -> 48 | G44: =IF(G22<>"", IF(ISNUMBER(G22), G22-'12082023'!G22, ""), "")
B45: Panturrilha | C45: =IF(C23<>"", IF(ISNUMBER(C23), C23-'12082023'!C23, ""), "") -> -1 | D45: =IF(D23<>"", IF(ISNUMBER(D23), D23-'12082023'!D23, ""), "") -> -1 | E45: =IF(E23<>"", IF(ISNUMBER(E23), E23-'12082023'!E23, ""), "") -> -1.5 | F45: =IF(F23<>"", IF(ISNUMBER(F23), F23-'12082023'!F23, ""), "") -> -1.6 | G45: =IF(G23<>"", IF(ISNUMBER(G23), G23-'12082023'!G23, ""), "")
B46: Altura (cm) | C46: =IF(F6<>"", F6-'12082023'!F6, "") -> 184
B47: Peso (kg) | C47: =IF(E6<>"", E6-'12082023'!E6, "") -> 94

Sheet 21102024
B1: PREENCHIMENTO DE DADOS | I1: DATA DA AVALIAÇÃO
I2: 45163
B5: Nome | C5: Genero | D5: Idade | E5: Peso (kg) | F5: Altura (cm) | G5: Data de nascimento | H5: Biotipo
B6: Ronaldo | C6: Masculino | D6: 23 | E6: 94 | F6: 184 | G6: 37160 | H6: Mesormofo
B9: Perimetro
C11: Lado direito | E11: Lado esquerdo | G11: Uni
C12: Relaxado | D12: contraído | E12: Relaxado | F12: contraído
B13: Braço | C13: 34 | D13: 40 | E13: 33 | F13: 40
B14: Antebraço | C14: 28 | D14: 28 | E14: 28 | F14: 28
B15: Ombro | G15: 124
B16: Tórax | G16: 102
B17: Cintura | G17: 97
B18: Abdomên | G18: 97
B19: Quadril | G19: 106
B20: Coxa superior | C20: 66 | D20: 66 | E20: 65 | F20: 66
B21: Coxa média | C21: 63 | D21: 63 | E21: 62 | F21: 62
B22: Coxa Inferior | C22: 48 | D22: 48 | E22: 47 | F22: 47
B23: Panturrilha | C23: 40 | D23: 40 | E23: 40 | F23: 40
B27: ANALISE DE DESEMPENHO | J27: IMC | K27: TMB | L27: SITE TMB
J28: =IF(OR(E6<=0, F6<=0), "", E6 / (F6 * F6))*10000 -> 27.76465 | K28: =66+(13.8*E6)+(5*F6)-(6.8*D6) -> 2126.8
B31: Comparação perimetro do mês
C33: Lado direito | E33: Lado esquerdo | G33: Uni
C34: Relaxado (cm) | D34: contraído (cm) | E34: Relaxado (cm) | F34: contraído (cm)
B35: Braço | C35: =IF(C13<>"", IF(ISNUMBER(C13), C13-'25082024'!C13, ""), "") -> 0 | D35: =IF(D13<>"", IF(ISNUMBER(D13), D13-'25082024'!D13, ""), "") -> 1 | E35: =IF(E13<>"", IF(ISNUMBER(E13), E13-'25082024'!E13, ""), "") -> -1 | F35: =IF(F13<>"", IF(ISNUMBER(F13), F13-'25082024'!F13, ""), "") -> 1 | G35: =IF(G13<>"", IF(ISNUMBER(G13), G13-'25082024'!G13, ""), "")
B36: Antebraço | C36: =IF(C14<>"", IF(ISNUMBER(C14), C14-'25082024'!C14, ""), "") -> 3 | D36: =IF(D14<>"", IF(ISNUMBER(D14), D14-'25082024'!D14, ""), "") -> 3 | E36: =IF(E14<>"", IF(ISNUMBER(E14), E14-'25082024'!E14, ""), "") -> 3 | F36: =IF(F14<>"", IF(ISNUMBER(F14), F14-'25082024'!F14, ""), "") -> 3 | G36: =IF(G14<>"", IF(ISNUMBER(G14), G14-'25082024'!G14, ""), "")
B37: Ombro | C37: =IF(C15<>"", IF(ISNUMBER(C15), C15-'25082024'!C15, ""), "") | D37: =IF(D15<>"", IF(ISNUMBER(D15), D15-'25082024'!D15, ""), "") | E37: =IF(E15<>"", IF(ISNUMBER(E15), E15-'25082024'!E15, ""), "") | F37: =IF(F15<>"", IF(ISNUMBER(F15), F15-'25082024'!F15, ""), "") | G37: =IF(G15<>"", IF(ISNUMBER(G15), G15-'25082024'!G15, ""), "") -> 2
B38: Tórax | C38: =IF(C16<>"", IF(ISNUMBER(C16), C16-'25082024'!C16, ""), "") | D38: =IF(D16<>"", IF(ISNUMBER(D16), D16-'25082024'!D16, ""), "") | E38: =IF(E16<>"", IF(ISNUMBER(E16), E16-'25082024'!E16, ""), "") | F38: =IF(F16<>"", IF(ISNUMBER(F16), F16-'25082024'!F16, ""), "") | G38: =IF(G16<>"", IF(ISNUMBER(G16), G16-'25082024'!G16, ""), "") -> -1
B39: Cintura | C39: =IF(C17<>"", IF(ISNUMBER(C17), C17-'25082024'!C17, ""), "") | D39: =IF(D17<>"", IF(ISNUMBER(D17), D17-'25082024'!D17, ""), "") | E39: =IF(E17<>"", IF(ISNUMBER(E17), E17-'25082024'!E17, ""), "") | F39: =IF(F17<>"", IF(ISNUMBER(F17), F17-'25082024'!F17, ""), "") | G39: =IF(G17<>"", IF(ISNUMBER(G17), G17-'25082024'!G17, ""), "") -> 0
B40: Abdomên | C40: =IF(C18<>"", IF(ISNUMBER(C18), C18-'25082024'!C18, ""), "") | D40: =IF(D18<>"", IF(ISNUMBER(D18), D18-'25082024'!D18, ""), "") | E40: =IF(E18<>"", IF(ISNUMBER(E18), E18-'25082024'!E18, ""), "") | F40: =IF(F18<>"", IF(ISNUMBER(F18), F18-'25082024'!F18, ""), "") | G40: =IF(G18<>"", IF(ISNUMBER(G18), G18-'25082024'!G18, ""), "") -> 0
B41: Quadril | C41: =IF(C19<>"", IF(ISNUMBER(C19), C19-'25082024'!C19, ""), "") | D41: =IF(D19<>"", IF(ISNUMBER(D19), D19-'25082024'!D19, ""), "") | E41: =IF(E19<>"", IF(ISNUMBER(E19), E19-'25082024'!E19, ""), "") | F41: =IF(F19<>"", IF(ISNUMBER(F19), F19-'25082024'!F19, ""), "") | G41: =IF(G19<>"", IF(ISNUMBER(G19), G19-'25082024'!G19, ""), "") -> 1
B42: Coxa superior | C42: =IF(C20<>"", IF(ISNUMBER(C20), C20-'25082024'!C20, ""), "") -> 1 | D42: =IF(D20<>"", IF(ISNUMBER(D20), D20-'25082024'!D20, ""), "") -> -1 | E42: =IF(E20<>"", IF(ISNUMBER(E20), E20-'25082024'!E20, ""), "") -> -1 | F42: =IF(F20<>"", IF(ISNUMBER(F20), F20-'25082024'!F20, ""), "") -> 0 | G42: =IF(G20<>"", IF(ISNUMBER(G20), G20-'25082024'!G20, ""), "")
B43: Coxa média | C43: =IF(C21<>"", IF(ISNUMBER(C21), C21-'25082024'!C21, ""), "") -> 0 | D43: =IF(D21<>"", IF(ISNUMBER(D21), D21-'25082024'!D21, ""), "") -> 0 | E43: =IF(E21<>"", IF(ISNUMBER(E21), E21-'25082024'!E21, ""), "") -> 0 | F43: =IF(F21<>"", IF(ISNUMBER(F21), F21-'25082024'!F21, ""), "") -> 0 | G43: =IF(G21<>"", IF(ISNUMBER(G21), G21-'25082024'!G21, ""), "")
B44: Coxa Inferior | C44: =IF(C22<>"", IF(ISNUMBER(C22), C22-'25082024'!C22, ""), "") -> 0 | D44: =IF(D22<>"", IF(ISNUMBER(D22), D22-'25082024'!D22, ""), "") -> 0 | E44: =IF(E22<>"", IF(ISNUMBER(E22), E22-'25082024'!E22, ""), "") -> 0 | F44: =IF(F22<>"", IF(ISNUMBER(F22), F22-'25082024'!F22, ""), "") -> -1 | G44: =IF(G22<>"", IF(ISNUMBER(G22), G22-'25082024'!G22, ""), "")
B45: Panturrilha | C45: =IF(C23<>"", IF(ISNUMBER(C23), C23-'25082024'!C23, ""), "") -> 1 | D45: =IF(D23<>"", IF(ISNUMBER(D23), D23-'25082024'!D23, ""), "") -> 1 | E45: =IF(E23<>"", IF(ISNUMBER(E23), E23-'25082024'!E23, ""), "") -> 1 | F45: =IF(F23<>"", IF(ISNUMBER(F23), F23-'25082024'!F23, ""), "") -> 1 | G45: =IF(G23<>"", IF(ISNUMBER(G23), G23-'25082024'!G23, ""), "")
B46: Altura (cm) | C46: =IF(F6<>"", F6-'12082023'!F6, "") -> 184
B47: Peso (kg) | C47: =IF(E6<>"", E6-'12082023'!E6, "") -> 94

Sheet Ianca | 21112024
B1: PREENCHIMENTO DE DADOS | I1: DATA DA AVALIAÇÃO
I2: 45617
B5: Nome | C5: Genero | D5: Idade | E5: Peso (kg) | F5: Altura (cm) | G5: Data de nascimento | H5: Biotipo
B6: Ianca | C6: Feminino | D6: 27 | E6: 59 | F6: 167 | G6: 35699 | H6: Ectomofo
B9: Perimetro
C11: Lado direito | E11: Lado esquerdo | G11: Uni
C12: Relaxado | D12: contraído | E12: Relaxado | F12: contraído
B13: Braço | C13: 23 | D13: 26 | E13: 24 | F13: 27
B14: Antebraço | C14: 22 | D14: 22 | E14: 23 | F14: 23
B15: Ombro | G15: 101
B16: Tórax | G16: 83
B17: Cintura | G17: 69
B18: Abdomên | G18: 69
B19: Quadril | G19: 94
B20: Coxa superior | C20: 57 | D20: 58 | E20: 57 | F20: 59
B21: Coxa média | C21: 56 | D21: 56 | E21: 57 | F21: 57
B22: Coxa Inferior | C22: 41 | D22: 41 | E22: 41 | F22: 41
B23: Panturrilha | C23: 38 | D23: 38 | E23: 37 | F23: 37
B27: ANALISE DE DESEMPENHO | J27: IMC | K27: TMB | L27: SITE TMB
J28: =IF(OR(E6<=0, F6<=0), "", E6 / (F6 * F6))*10000 -> 21.155294 | K28: =66+(13.8*E6)+(5*F6)-(6.8*D6) -> 1531.6
B31: Comparação perimetro do mês
C33: Lado direito | E33: Lado esquerdo | G33: Uni
C34: Relaxado (cm) | D34: contraído (cm) | E34: Relaxado (cm) | F34: contraído (cm)
B35: Braço
B36: Antebraço
B37: Ombro
B38: Tórax
B39: Cintura
B40: Abdomên
B41: Quadril
B42: Coxa superior
B43: Coxa média
B44: Coxa Inferior
B45: Panturrilha
B46: Altura (cm)
B47: Peso (kg)

Sheet Ianca | 05012025
B1: PREENCHIMENTO DE DADOS | I1: DATA DA AVALIAÇÃO
I2: 45662
B5: Nome | C5: Genero | D5: Idade | E5: Peso (kg) | F5: Altura (cm) | G5: Data de nascimento | H5: Biotipo
B6: Ianca | C6: Feminino | D6: 27 | E6: 59 | F6: 167 | G6: 35723 | H6: Ectomofo
B9: Perimetro
C11: Lado direito | E11: Lado esquerdo | G11: Uni
C12: Relaxado | D12: contraído | E12: Relaxado | F12: contraído
B13: Braço | C13: 23 | D13: 26 | E13: 24 | F13: 27
B14: Antebraço | C14: 21 | D14: 21 | E14: 21 | F14: 21
B15: Ombro | G15: 100
B16: Tórax | C16: - | D16: - | E16: - | F16: - | G16: 84
B17: Cintura | C17: - | D17: - | E17: - | F17: - | G17: 70
B18: Abdomên | C18: - | D18: - | E18: - | F18: - | G18: 70
B19: Quadril | C19: - | D19: - | E19: - | F19: - | G19: 93
B20: Coxa superior | C20: 56 | D20: 56 | E20: 56 | F20: 56
B21: Coxa média | C21: 52 | D21: 53 | E21: 53 | F21: 53
B22: Coxa Inferior | C22: 41 | D22: 41 | E22: 43 | F22: 43
B23: Panturrilha | C23: 37 | D23: 37 | E23: 37 | F23: 37
B27: ANALISE DE DESEMPENHO | J27: IMC | K27: TMB | L27: SITE TMB
J28: =IF(OR(E6<=0, F6<=0), "", E6 / (F6 * F6))*10000 -> 21.155294 | K28: =66+(13.8*E6)+(5*F6)-(6.8*D6) -> 1531.6
B31: Comparação perimetro: 21/11/2024 - 05/01/2025
C33: Lado direito | E33: Lado esquerdo | G33: Uni
C34: Relaxado (cm) | D34: contraído (cm) | E34: Relaxado (cm) | F34: contraído (cm)
B35: Braço | C35: =IF(C13<>"", IF(ISNUMBER(C13), C13-'Ianca | 21112024'!C13, ""), "") -> 0 | D35: =IF(D13<>"", IF(ISNUMBER(D13), D13-'Ianca | 21112024'!D13, ""), "") -> 0 | E35: =IF(E13<>"", IF(ISNUMBER(E13), E13-'Ianca | 21112024'!E13, ""), "") -> 0 | F35: =IF(F13<>"", IF(ISNUMBER(F13), F13-'Ianca | 21112024'!F13, ""), "") -> 0 | G35: =IF(G13<>"", IF(ISNUMBER(G13), G13-'Ianca | 21112024'!G13, ""), "")
B36: Antebraço | C36: =IF(C14<>"", IF(ISNUMBER(C14), C14-'Ianca | 21112024'!C14, ""), "") -> -1 | D36: =IF(D14<>"", IF(ISNUMBER(D14), D14-'Ianca | 21112024'!D14, ""), "") -> -1 | E36: =IF(E14<>"", IF(ISNUMBER(E14), E14-'Ianca | 21112024'!E14, ""), "") -> -2 | F36: =IF(F14<>"", IF(ISNUMBER(F14), F14-'Ianca | 21112024'!F14, ""), "") -> -2 | G36: =IF(G14<>"", IF(ISNUMBER(G14), G14-'Ianca | 21112024'!G14, ""), "")
B37: Ombro | C37: =IF(C15<>"", IF(ISNUMBER(C15), C15-'Ianca | 21112024'!C15, ""), "") | D37: =IF(D15<>"", IF(ISNUMBER(D15), D15-'Ianca | 21112024'!D15, ""), "") | E37: =IF(E15<>"", IF(ISNUMBER(E15), E15-'Ianca | 21112024'!E15, ""), "") | F37: =IF(F15<>"", IF(ISNUMBER(F15), F15-'Ianca | 21112024'!F15, ""), "") | G37: =IF(G15<>"", IF(ISNUMBER(G15), G15-'Ianca | 21112024'!G15, ""), "") -> -1
B38: Tórax | C38: =IF(C16<>"", IF(ISNUMBER(C16), C16-'Ianca | 21112024'!C16, ""), "") | D38: =IF(D16<>"", IF(ISNUMBER(D16), D16-'Ianca | 21112024'!D16, ""), "") | E38: =IF(E16<>"", IF(ISNUMBER(E16), E16-'Ianca | 21112024'!E16, ""), "") | F38: =IF(F16<>"", IF(ISNUMBER(F16), F16-'Ianca | 21112024'!F16, ""), "") | G38: =IF(G16<>"", IF(ISNUMBER(G16), G16-'Ianca | 21112024'!G16, ""), "") -> 1
B39: Cintura | C39: =IF(C17<>"", IF(ISNUMBER(C17), C17-'Ianca | 21112024'!C17, ""), "") | D39: =IF(D17<>"", IF(ISNUMBER(D17), D17-'Ianca | 21112024'!D17, ""), "") | E39: =IF(E17<>"", IF(ISNUMBER(E17), E17-'Ianca | 21112024'!E17, ""), "") | F39: =IF(F17<>"", IF(ISNUMBER(F17), F17-'Ianca | 21112024'!F17, ""), "") | G39: =IF(G17<>"", IF(ISNUMBER(G17), G17-'Ianca | 21112024'!G17, ""), "") -> 1
B40: Abdomên | C40: =IF(C18<>"", IF(ISNUMBER(C18), C18-'Ianca | 21112024'!C18, ""), "") | D40: =IF(D18<>"", IF(ISNUMBER(D18), D18-'Ianca | 21112024'!D18, ""), "") | E40: =IF(E18<>"", IF(ISNUMBER(E18), E18-'Ianca | 21112024'!E18, ""), "") | F40: =IF(F18<>"", IF(ISNUMBER(F18), F18-'Ianca | 21112024'!F18, ""), "") | G40: =IF(G18<>"", IF(ISNUMBER(G18), G18-'Ianca | 21112024'!G18, ""), "") -> 1
B41: Quadril | C41: =IF(C19<>"", IF(ISNUMBER(C19), C19-'Ianca | 21112024'!C19, ""), "") | D41: =IF(D19<>"", IF(ISNUMBER(D19), D19-'Ianca | 21112024'!D19, ""), "") | E41: =IF(E19<>"", IF(ISNUMBER(E19), E19-'Ianca | 21112024'!E19, ""), "") | F41: =IF(F19<>"", IF(ISNUMBER(F19), F19-'Ianca | 21112024'!F19, ""), "") | G41: =IF(G19<>"", IF(ISNUMBER(G19), G19-'Ianca | 21112024'!G19, ""), "") -> -1
B42: Coxa superior | C42: =IF(C20<>"", IF(ISNUMBER(C20), C20-'Ianca | 21112024'!C20, ""), "") -> -1 | D42: =IF(D20<>"", IF(ISNUMBER(D20), D20-'Ianca | 21112024'!D20, ""), "") -> -2 | E42: =IF(E20<>"", IF(ISNUMBER(E20), E20-'Ianca | 21112024'!E20, ""), "") -> -1 | F42: =IF(F20<>"", IF(ISNUMBER(F20), F20-'Ianca | 21112024'!F20, ""), "") -> -3 | G42: =IF(G20<>"", IF(ISNUMBER(G20), G20-'Ianca | 21112024'!G20, ""), "")
B43: Coxa média | C43: =IF(C21<>"", IF(ISNUMBER(C21), C21-'Ianca | 21112024'!C21, ""), "") -> -4 | D43: =IF(D21<>"", IF(ISNUMBER(D21), D21-'Ianca | 21112024'!D21, ""), "") -> -3 | E43: =IF(E21<>"", IF(ISNUMBER(E21), E21-'Ianca | 21112024'!E21, ""), "") -> -4 | F43: =IF(F21<>"", IF(ISNUMBER(F21), F21-'Ianca | 21112024'!F21, ""), "") -> -4 | G43: =IF(G21<>"", IF(ISNUMBER(G21), G21-'Ianca | 21112024'!G21, ""), "")
B44: Coxa Inferior | C44: =IF(C22<>"", IF(ISNUMBER(C22), C22-'Ianca | 21112024'!C22, ""), "") -> 0 | D44: =IF(D22<>"", IF(ISNUMBER(D22), D22-'Ianca | 21112024'!D22, ""), "") -> 0 | E44: =IF(E22<>"", IF(ISNUMBER(E22), E22-'Ianca | 21112024'!E22, ""), "") -> 2 | F44: =IF(F22<>"", IF(ISNUMBER(F22), F22-'Ianca | 21112024'!F22, ""), "") -> 2 | G44: =IF(G22<>"", IF(ISNUMBER(G22), G22-'Ianca | 21112024'!G22, ""), "")
B45: Panturrilha | C45: =IF(C23<>"", IF(ISNUMBER(C23), C23-'Ianca | 21112024'!C23, ""), "") -> -1 | D45: =IF(D23<>"", IF(ISNUMBER(D23), D23-'Ianca | 21112024'!D23, ""), "") -> -1 | E45: =IF(E23<>"", IF(ISNUMBER(E23), E23-'Ianca | 21112024'!E23, ""), "") -> 0 | F45: =IF(F23<>"", IF(ISNUMBER(F23), F23-'Ianca | 21112024'!F23, ""), "") -> 0 | G45: =IF(G23<>"", IF(ISNUMBER(G23), G23-'Ianca | 21112024'!G23, ""), "")
B46: Altura (cm) | C46: =IF(C24<>"", IF(ISNUMBER(C24), C24-'Ianca | 21112024'!C24, ""), "")
B47: Peso (kg) | C47: =IF(C25<>"", IF(ISNUMBER(C25), C25-'Ianca | 21112024'!C25, ""), "")

Sheet Ianca | 31082025
B1: PREENCHIMENTO DE DADOS | I1: DATA DA AVALIAÇÃO
I2: 45662
B5: Nome | C5: Genero | D5: Idade | E5: Peso (kg) | F5: Altura (cm) | G5: Data de nascimento | H5: Biotipo
B6: Ianca | C6: Feminino | D6: 27 | E6: 59 | F6: 167 | G6: 35723 | H6: Ectomofo
B9: Perimetro
C11: Lado direito | E11: Lado esquerdo | G11: Uni
C12: Relaxado | D12: contraído | E12: Relaxado | F12: contraído
B13: Braço
B14: Antebraço
B15: Ombro
B16: Tórax
B17: Cintura | G17: 71
B18: Abdomên | G18: 73
B19: Quadril
B20: Coxa superior
B21: Coxa média | C21: 52 | E21: 52
B22: Coxa Inferior
B23: Panturrilha
B27: ANALISE DE DESEMPENHO | J27: IMC | K27: TMB | L27: SITE TMB
J28: =IF(OR(E6<=0, F6<=0), "", E6 / (F6 * F6))*10000 -> 21.155294 | K28: =66+(13.8*E6)+(5*F6)-(6.8*D6) -> 1531.6
B31: Comparação perimetro: 21/11/2024 - 05/01/2025
C33: Lado direito | E33: Lado esquerdo | G33: Uni
C34: Relaxado (cm) | D34: contraído (cm) | E34: Relaxado (cm) | F34: contraído (cm)
B35: Braço | C35: =IF(C13<>"", IF(ISNUMBER(C13), C13-'Ianca | 21112024'!C13, ""), "") | D35: =IF(D13<>"", IF(ISNUMBER(D13), D13-'Ianca | 21112024'!D13, ""), "") | E35: =IF(E13<>"", IF(ISNUMBER(E13), E13-'Ianca | 21112024'!E13, ""), "") | F35: =IF(F13<>"", IF(ISNUMBER(F13), F13-'Ianca | 21112024'!F13, ""), "") | G35: =IF(G13<>"", IF(ISNUMBER(G13), G13-'Ianca | 21112024'!G13, ""), "")
B36: Antebraço | C36: =IF(C14<>"", IF(ISNUMBER(C14), C14-'Ianca | 21112024'!C14, ""), "") | D36: =IF(D14<>"", IF(ISNUMBER(D14), D14-'Ianca | 21112024'!D14, ""), "") | E36: =IF(E14<>"", IF(ISNUMBER(E14), E14-'Ianca | 21112024'!E14, ""), "") | F36: =IF(F14<>"", IF(ISNUMBER(F14), F14-'Ianca | 21112024'!F14, ""), "") | G36: =IF(G14<>"", IF(ISNUMBER(G14), G14-'Ianca | 21112024'!G14, ""), "")
B37: Ombro | C37: =IF(C15<>"", IF(ISNUMBER(C15), C15-'Ianca | 21112024'!C15, ""), "") | D37: =IF(D15<>"", IF(ISNUMBER(D15), D15-'Ianca | 21112024'!D15, ""), "") | E37: =IF(E15<>"", IF(ISNUMBER(E15), E15-'Ianca | 21112024'!E15, ""), "") | F37: =IF(F15<>"", IF(ISNUMBER(F15), F15-'Ianca | 21112024'!F15, ""), "") | G37: =IF(G15<>"", IF(ISNUMBER(G15), G15-'Ianca | 21112024'!G15, ""), "")
B38: Tórax | C38: =IF(C16<>"", IF(ISNUMBER(C16), C16-'Ianca | 21112024'!C16, ""), "") | D38: =IF(D16<>"", IF(ISNUMBER(D16), D16-'Ianca | 21112024'!D16, ""), "") | E38: =IF(E16<>"", IF(ISNUMBER(E16), E16-'Ianca | 21112024'!E16, ""), "") | F38: =IF(F16<>"", IF(ISNUMBER(F16), F16-'Ianca | 21112024'!F16, ""), "") | G38: =IF(G16<>"", IF(ISNUMBER(G16), G16-'Ianca | 21112024'!G16, ""), "")
B39: Cintura | C39: =IF(C17<>"", IF(ISNUMBER(C17), C17-'Ianca | 21112024'!C17, ""), "") | D39: =IF(D17<>"", IF(ISNUMBER(D17), D17-'Ianca | 21112024'!D17, ""), "") | E39: =IF(E17<>"", IF(ISNUMBER(E17), E17-'Ianca | 21112024'!E17, ""), "") | F39: =IF(F17<>"", IF(ISNUMBER(F17), F17-'Ianca | 21112024'!F17, ""), "") | G39: =IF(G17<>"", IF(ISNUMBER(G17), G17-'Ianca | 21112024'!G17, ""), "") -> 2
B40: Abdomên | C40: =IF(C18<>"", IF(ISNUMBER(C18), C18-'Ianca | 21112024'!C18, ""), "") | D40: =IF(D18<>"", IF(ISNUMBER(D18), D18-'Ianca | 21112024'!D18, ""), "") | E40: =IF(E18<>"", IF(ISNUMBER(E18), E18-'Ianca | 21112024'!E18, ""), "") | F40: =IF(F18<>"", IF(ISNUMBER(F18), F18-'Ianca | 21112024'!F18, ""), "") | G40: =IF(G18<>"", IF(ISNUMBER(G18), G18-'Ianca | 21112024'!G18, ""), "") -> 4
B41: Quadril | C41: =IF(C19<>"", IF(ISNUMBER(C19), C19-'Ianca | 21112024'!C19, ""), "") | D41: =IF(D19<>"", IF(ISNUMBER(D19), D19-'Ianca | 21112024'!D19, ""), "") | E41: =IF(E19<>"", IF(ISNUMBER(E19), E19-'Ianca | 21112024'!E19, ""), "") | F41: =IF(F19<>"", IF(ISNUMBER(F19), F19-'Ianca | 21112024'!F19, ""), "") | G41: =IF(G19<>"", IF(ISNUMBER(G19), G19-'Ianca | 21112024'!G19, ""), "")
B42: Coxa superior | C42: =IF(C20<>"", IF(ISNUMBER(C20), C20-'Ianca | 21112024'!C20, ""), "") | D42: =IF(D20<>"", IF(ISNUMBER(D20), D20-'Ianca | 21112024'!D20, ""), "") | E42: =IF(E20<>"", IF(ISNUMBER(E20), E20-'Ianca | 21112024'!E20, ""), "") | F42: =IF(F20<>"", IF(ISNUMBER(F20), F20-'Ianca | 21112024'!F20, ""), "") | G42: =IF(G20<>"", IF(ISNUMBER(G20), G20-'Ianca | 21112024'!G20, ""), "")
B43: Coxa média | C43: =IF(C21<>"", IF(ISNUMBER(C21), C21-'Ianca | 21112024'!C21, ""), "") -> -4 | D43: =IF(D21<>"", IF(ISNUMBER(D21), D21-'Ianca | 21112024'!D21, ""), "") | E43: =IF(E21<>"", IF(ISNUMBER(E21), E21-'Ianca | 21112024'!E21, ""), "") -> -5 | F43: =IF(F21<>"", IF(ISNUMBER(F21), F21-'Ianca | 21112024'!F21, ""), "") | G43: =IF(G21<>"", IF(ISNUMBER(G21), G21-'Ianca | 21112024'!G21, ""), "")
B44: Coxa Inferior | C44: =IF(C22<>"", IF(ISNUMBER(C22), C22-'Ianca | 21112024'!C22, ""), "") | D44: =IF(D22<>"", IF(ISNUMBER(D22), D22-'Ianca | 21112024'!D22, ""), "") | E44: =IF(E22<>"", IF(ISNUMBER(E22), E22-'Ianca | 21112024'!E22, ""), "") | F44: =IF(F22<>"", IF(ISNUMBER(F22), F22-'Ianca | 21112024'!F22, ""), "") | G44: =IF(G22<>"", IF(ISNUMBER(G22), G22-'Ianca | 21112024'!G22, ""), "")
B45: Panturrilha | C45: =IF(C23<>"", IF(ISNUMBER(C23), C23-'Ianca | 21112024'!C23, ""), "") | D45: =IF(D23<>"", IF(ISNUMBER(D23), D23-'Ianca | 21112024'!D23, ""), "") | E45: =IF(E23<>"", IF(ISNUMBER(E23), E23-'Ianca | 21112024'!E23, ""), "") | F45: =IF(F23<>"", IF(ISNUMBER(F23), F23-'Ianca | 21112024'!F23, ""), "") | G45: =IF(G23<>"", IF(ISNUMBER(G23), G23-'Ianca | 21112024'!G23, ""), "")
B46: Altura (cm) | C46: =IF(C24<>"", IF(ISNUMBER(C24), C24-'Ianca | 21112024'!C24, ""), "")
B47: Peso (kg) | C47: =IF(C25<>"", IF(ISNUMBER(C25), C25-'Ianca | 21112024'!C25, ""), "")

Sheet Ronaldo | 21122024
B1: PREENCHIMENTO DE DADOS | I1: DATA DA AVALIAÇÃO
I2: 45647
B5: Nome | C5: Genero | D5: Idade | E5: Peso (kg) | F5: Altura (cm) | G5: Data de nascimento | H5: Biotipo
B6: Ronaldo | C6: Masculino | D6: 23 | E6: 95 | F6: 184 | G6: 37160 | H6: Mesormofo
B9: Perimetro
C11: Lado direito | E11: Lado esquerdo | G11: Uni
C12: Relaxado | D12: contraído | E12: Relaxado | F12: contraído
B13: Braço | C13: 33 | D13: 38 | E13: 33 | F13: 38
B14: Antebraço | C14: 25 | D14: 25 | E14: 25 | F14: 25
B15: Ombro | C15: - | D15: - | E15: - | F15: - | G15: 125
B16: Tórax | C16: - | D16: - | E16: - | F16: - | G16: 103
B17: Cintura | C17: - | D17: - | E17: - | F17: - | G17: 98
B18: Abdomên | C18: - | D18: - | E18: - | F18: - | G18: 98
B19: Quadril | C19: - | D19: - | E19: - | F19: - | G19: 107
B20: Coxa superior | C20: 66 | D20: 67 | E20: 66 | F20: 67
B21: Coxa média | C21: 62 | D21: 62 | E21: 62 | F21: 62
B22: Coxa Inferior | C22: 49 | D22: 49 | E22: 49 | F22: 49
B23: Panturrilha | C23: 39 | D23: 39 | E23: 40 | F23: 40
B27: ANALISE DE DESEMPENHO | J27: IMC | K27: TMB | L27: SITE TMB
J28: =IF(OR(E6<=0, F6<=0), "", E6 / (F6 * F6))*10000 -> 28.060019 | K28: =66+(13.8*E6)+(5*F6)-(6.8*D6) -> 2140.6
B31: Comparação perimetro do mês
C33: Lado direito | E33: Lado esquerdo | G33: Uni
C34: Relaxado (cm) | D34: contraído (cm) | E34: Relaxado (cm) | F34: contraído (cm)
B35: Braço
B36: Antebraço
B37: Ombro
B38: Tórax
B39: Cintura
B40: Abdomên
B41: Quadril
B42: Coxa superior
B43: Coxa média
B44: Coxa Inferior
B45: Panturrilha
B46: Altura (cm)
B47: Peso (kg)

Sheet Ronaldo | 16032025
B1: PREENCHIMENTO DE DADOS | I1: DATA DA AVALIAÇÃO
I2: 45647
B5: Nome | C5: Genero | D5: Idade | E5: Peso (kg) | F5: Altura (cm) | G5: Data de nascimento | H5: Biotipo
B6: Ronaldo | C6: Masculino | D6: 23 | E6: 95 | F6: 184 | G6: 37160 | H6: Mesormofo
B9: Perimetro
C11: Lado direito | E11: Lado esquerdo | G11: Uni
C12: Relaxado | D12: contraído | E12: Relaxado | F12: contraído
B13: Braço | C13: 33 | D13: 37 | E13: 32 | F13: 37
B14: Antebraço | C14: 26 | D14: 26 | E14: 27 | F14: 27
B15: Ombro
B16: Tórax | G16: 104
B17: Cintura | G17: 93
B18: Abdomên | G18: 94
B19: Quadril | G19: 103
B20: Coxa superior | C20: 64 | D20: 64 | E20: 64 | F20: 64
B21: Coxa média | C21: 61 | D21: 61 | E21: 61 | F21: 61
B22: Coxa Inferior | C22: 50 | D22: 51 | E22: 51 | F22: 51
B23: Panturrilha | C23: 39 | D23: 39 | E23: 40 | F23: 40
B27: ANALISE DE DESEMPENHO | J27: IMC | K27: TMB | L27: SITE TMB
J28: =IF(OR(E6<=0, F6<=0), "", E6 / (F6 * F6))*10000 -> 28.060019 | K28: =66+(13.8*E6)+(5*F6)-(6.8*D6) -> 2140.6
B31: Comparação perimetro do mês
C33: Lado direito | E33: Lado esquerdo | G33: Uni
C34: Relaxado (cm) | D34: contraído (cm) | E34: Relaxado (cm) | F34: contraído (cm)
B35: Braço
B36: Antebraço
B37: Ombro
B38: Tórax
B39: Cintura
B40: Abdomên
B41: Quadril
B42: Coxa superior
B43: Coxa média
B44: Coxa Inferior
B45: Panturrilha
B46: Altura (cm)
B47: Peso (kg)

Sheet Ronaldo | 31082025
B1: PREENCHIMENTO DE DADOS | I1: DATA DA AVALIAÇÃO
I2: 45647
B5: Nome | C5: Genero | D5: Idade | E5: Peso (kg) | F5: Altura (cm) | G5: Data de nascimento | H5: Biotipo
B6: Ronaldo | C6: Masculino | D6: 23 | E6: 95 | F6: 184 | G6: 37160 | H6: Mesormofo
B9: Perimetro
C11: Lado direito | E11: Lado esquerdo | G11: Uni
C12: Relaxado | D12: contraído | E12: Relaxado | F12: contraído
B13: Braço | C13: 35 | D13: 38 | E13: 35 | F13: 38
B14: Antebraço
B15: Ombro
B16: Tórax | G16: 106
B17: Cintura | G17: 94
B18: Abdomên | G18: 99
B19: Quadril
B20: Coxa superior
B21: Coxa média
B22: Coxa Inferior
B23: Panturrilha
B27: ANALISE DE DESEMPENHO | J27: IMC | K27: TMB | L27: SITE TMB
J28: =IF(OR(E6<=0, F6<=0), "", E6 / (F6 * F6))*10000 -> 28.060019 | K28: =66+(13.8*E6)+(5*F6)-(6.8*D6) -> 2140.6
B31: Comparação perimetro do mês
C33: Lado direito | E33: Lado esquerdo | G33: Uni
C34: Relaxado (cm) | D34: contraído (cm) | E34: Relaxado (cm) | F34: contraído (cm)
B35: Braço
B36: Antebraço
B37: Ombro
B38: Tórax
B39: Cintura
B40: Abdomên
B41: Quadril
B42: Coxa superior
B43: Coxa média
B44: Coxa Inferior
B45: Panturrilha
B46: Altura (cm)
B47: Peso (kg)

Sheet Ronaldo | 23102025
B1: PREENCHIMENTO DE DADOS | I1: DATA DA AVALIAÇÃO
I2: 45647
B5: Nome | C5: Genero | D5: Idade | E5: Peso (kg) | F5: Altura (cm) | G5: Data de nascimento | H5: Biotipo
B6: Ronaldo | C6: Masculino | D6: 23 | E6: 95 | F6: 184 | G6: 37160 | H6: Mesormofo
B9: Perimetro
C11: Lado direito | E11: Lado esquerdo | G11: Uni
C12: Relaxado | D12: contraído | E12: Relaxado | F12: contraído
B13: Braço | C13: 35 | D13: 39 | E13: 35 | F13: 39
B14: Antebraço
B15: Ombro | G15: 126
B16: Tórax | G16: 107
B17: Cintura | G17: 97
B18: Abdomên | G18: 101
B19: Quadril | G19: 108
B20: Coxa superior
B21: Coxa média | C21: 65 | E21: 64
B22: Coxa Inferior
B23: Panturrilha | C23: 41 | E23: 41
B27: ANALISE DE DESEMPENHO | J27: IMC | K27: TMB | L27: SITE TMB
J28: =IF(OR(E6<=0, F6<=0), "", E6 / (F6 * F6))*10000 -> 28.060019 | K28: =66+(13.8*E6)+(5*F6)-(6.8*D6) -> 2140.6
B31: Comparação perimetro do mês
C33: Lado direito | E33: Lado esquerdo | G33: Uni
C34: Relaxado (cm) | D34: contraído (cm) | E34: Relaxado (cm) | F34: contraído (cm)
B35: Braço
B36: Antebraço
B37: Ombro
B38: Tórax
B39: Cintura
B40: Abdomên
B41: Quadril
B42: Coxa superior
B43: Coxa média
B44: Coxa Inferior
B45: Panturrilha
B46: Altura (cm)
B47: Peso (kg)

Sheet Ianca | 02042025
B1: PREENCHIMENTO DE DADOS | I1: DATA DA AVALIAÇÃO
I2: 45749
B5: Nome | C5: Genero | D5: Idade | E5: Peso (kg) | F5: Altura (cm) | G5: Data de nascimento | H5: Biotipo
B6: Ianca | C6: Feminino | D6: 27 | E6: 58 | G6: 37160 | H6: Mesormofo
B9: Perimetro
C11: Lado direito | E11: Lado esquerdo | G11: Uni
C12: Relaxado | D12: contraído | E12: Relaxado | F12: contraído
B13: Braço | C13: 23 | E13: 23
B14: Antebraço | C14: 23 | E14: 23
B15: Ombro | G15: 97
B16: Tórax | G16: 83
B17: Cintura | G17: 70
B18: Abdomên | G18: 75
B19: Quadril | G19: 92
B20: Coxa superior
B21: Coxa média | C21: 54 | D21: 54 | E21: 54 | F21: 54
B22: Coxa Inferior
B23: Panturrilha | C23: 37 | D23: 37 | E23: 37 | F23: 37
B27: ANALISE DE DESEMPENHO | J27: IMC | K27: TMB | L27: SITE TMB
J28: =IF(OR(E6<=0, F6<=0), "", E6 / (F6 * F6))*10000 -> 0 | K28: =66+(13.8*E6)+(5*F6)-(6.8*D6) -> 682.8
B31: Comparação perimetro do mês
C33: Lado direito | E33: Lado esquerdo | G33: Uni
C34: Relaxado (cm) | D34: contraído (cm) | E34: Relaxado (cm) | F34: contraído (cm)
B35: Braço
B36: Antebraço
B37: Ombro
B38: Tórax
B39: Cintura
B40: Abdomên
B41: Quadril
B42: Coxa superior
B43: Coxa média
B44: Coxa Inferior
B45: Panturrilha
B46: Altura (cm)
B47: Peso (kg)

Sheet Ianca 25042025
B1: PREENCHIMENTO DE DADOS | I1: DATA DA AVALIAÇÃO
I2: 45749
B5: Nome | C5: Genero | D5: Idade | E5: Peso (kg) | F5: Altura (cm) | G5: Data de nascimento | H5: Biotipo
B6: Ianca | C6: Feminino | D6: 27 | E6: 58 | G6: 37160 | H6: Mesormofo
B9: Perimetro
C11: Lado direito | E11: Lado esquerdo | G11: Uni
C12: Relaxado | D12: contraído | E12: Relaxado | F12: contraído
B13: Braço
B14: Antebraço
B15: Ombro
B16: Tórax
B17: Cintura | G17: 70
B18: Abdomên | G18: 75
B19: Quadril | G19: 93
B20: Coxa superior
B21: Coxa média | C21: 53 | D21: 54.3 | E21: 53 | F21: 54.2
B22: Coxa Inferior
B23: Panturrilha
B27: ANALISE DE DESEMPENHO | J27: IMC | K27: TMB | L27: SITE TMB
J28: =IF(OR(E6<=0, F6<=0), "", E6 / (F6 * F6))*10000 -> 0 | K28: =66+(13.8*E6)+(5*F6)-(6.8*D6) -> 682.8
B31: Comparação perimetro do mês
C33: Lado direito | E33: Lado esquerdo | G33: Uni
C34: Relaxado (cm) | D34: contraído (cm) | E34: Relaxado (cm) | F34: contraído (cm)
B35: Braço
B36: Antebraço
B37: Ombro
B38: Tórax
B39: Cintura
B40: Abdomên
B41: Quadril
B42: Coxa superior
B43: Coxa média
B44: Coxa Inferior
B45: Panturrilha
B46: Altura (cm)
B47: Peso (kg)

Sheet  Ianca 20072025
B1: PREENCHIMENTO DE DADOS | I1: DATA DA AVALIAÇÃO
I2: 45749
B5: Nome | C5: Genero | D5: Idade | E5: Peso (kg) | F5: Altura (cm) | G5: Data de nascimento | H5: Biotipo
B6: Ianca | C6: Feminino | D6: 27 | E6: 58 | G6: 37160 | H6: Mesormofo
B9: Perimetro
C11: Lado direito | E11: Lado esquerdo | G11: Uni
C12: Relaxado | D12: contraído | E12: Relaxado | F12: contraído
B13: Braço
B14: Antebraço
B15: Ombro
B16: Tórax
B17: Cintura | G17: 70
B18: Abdomên | G18: 74
B19: Quadril | G19: 93
B20: Coxa superior
B21: Coxa média | C21: 53 | E21: 53
B22: Coxa Inferior
B23: Panturrilha | C23: 34 | E23: 34
B27: ANALISE DE DESEMPENHO | J27: IMC | K27: TMB | L27: SITE TMB
J28: =IF(OR(E6<=0, F6<=0), "", E6 / (F6 * F6))*10000 -> 0 | K28: =66+(13.8*E6)+(5*F6)-(6.8*D6) -> 682.8
B31: Comparação perimetro do mês
C33: Lado direito | E33: Lado esquerdo | G33: Uni
C34: Relaxado (cm) | D34: contraído (cm) | E34: Relaxado (cm) | F34: contraído (cm)
B35: Braço
B36: Antebraço
B37: Ombro
B38: Tórax
B39: Cintura
B40: Abdomên
B41: Quadril
B42: Coxa superior
B43: Coxa média
B44: Coxa Inferior
B45: Panturrilha
B46: Altura (cm)
B47: Peso (kg)

Sheet Ianca 08122025
B1: PREENCHIMENTO DE DADOS | I1: DATA DA AVALIAÇÃO
I2: 45999
B5: Nome | C5: Genero | D5: Idade | E5: Peso (kg) | F5: Altura (cm) | G5: Data de nascimento | H5: Biotipo
B6: Ianca | C6: Feminino | D6: 28 | E6: 62 | H6: Mesormofo
B9: Perimetro
C11: Lado direito | E11: Lado esquerdo | G11: Uni
C12: Relaxado | D12: contraído | E12: Relaxado | F12: contraído
B13: Braço | C13: 25 | E13: 25
B14: Antebraço
B15: Ombro
B16: Tórax
B17: Cintura | G17: 70
B18: Abdomên | G18: 74
B19: Quadril | G19: 96
B20: Coxa superior
B21: Coxa média | C21: 55 | E21: 55
B22: Coxa Inferior
B23: Panturrilha | C23: 34 | E23: 34
B27: ANALISE DE DESEMPENHO | J27: IMC | K27: TMB | L27: SITE TMB
J28: =IF(OR(E6<=0, F6<=0), "", E6 / (F6 * F6))*10000 -> 0 | K28: =66+(13.8*E6)+(5*F6)-(6.8*D6) -> 731.2
B31: Comparação perimetro do mês
C33: Lado direito | E33: Lado esquerdo | G33: Uni
C34: Relaxado (cm) | D34: contraído (cm) | E34: Relaxado (cm) | F34: contraído (cm)
B35: Braço
B36: Antebraço
B37: Ombro
B38: Tórax
B39: Cintura
B40: Abdomên
B41: Quadril
B42: Coxa superior
B43: Coxa média
B44: Coxa Inferior
B45: Panturrilha
B46: Altura (cm)
B47: Peso (kg)

Sheet Ronaldo | 02012026
B1: PREENCHIMENTO DE DADOS | I1: DATA DA AVALIAÇÃO
I2: 46024
B5: Nome | C5: Genero | D5: Idade | E5: Peso (kg) | F5: Altura (cm) | G5: Data de nascimento | H5: Biotipo
B6: Ronaldo | C6: Masculino | D6: 24 | E6: 97 | F6: 184 | G6: 37160 | H6: Mesormofo
B9: Perimetro
C11: Lado direito | E11: Lado esquerdo | G11: Uni
C12: Relaxado | D12: contraído | E12: Relaxado | F12: contraído
B13: Braço | C13: 33 | D13: 38 | E13: 33 | F13: 38
B14: Antebraço | C14: 30 | E14: 30
B15: Ombro | G15: 126
B16: Tórax | G16: 104
B17: Cintura | G17: 95
B18: Abdomên | G18: 99
B19: Quadril | G19: 108
B20: Coxa superior | C20: 68 | E20: 68
B21: Coxa média | C21: 65 | E21: 64
B22: Coxa Inferior | C22: 51 | E22: 51
B23: Panturrilha | C23: 41 | E23: 41
B27: ANALISE DE DESEMPENHO | J27: IMC | K27: TMB | L27: SITE TMB
J28: =IF(OR(E6<=0, F6<=0), "", E6 / (F6 * F6))*10000 -> 28.650756 | K28: =66+(13.8*E6)+(5*F6)-(6.8*D6) -> 2161.4
B31: Comparação perimetro do mês
C33: Lado direito | E33: Lado esquerdo | G33: Uni
C34: Relaxado (cm) | D34: contraído (cm) | E34: Relaxado (cm) | F34: contraído (cm)
B35: Braço
B36: Antebraço
B37: Ombro
B38: Tórax
B39: Cintura
B40: Abdomên
B41: Quadril
B42: Coxa superior
B43: Coxa média
B44: Coxa Inferior
B45: Panturrilha
B46: Altura (cm)
B47: Peso (kg)
